{
    "metrics": {
        "http_req_waiting": {
            "max": 126.3907,
            "p(90)": 5.4204,
            "p(95)": 6.986114999999995,
            "avg": 3.0824166803459687,
            "min": 0,
            "med": 3.0056
        },
        "rl_error_rate": {
            "passes": 22024,
            "fails": 9649,
            "thresholds": {
                "rate<0.40": true
            },
            "value": 0.6953556657089635
        },
        "data_received": {
            "count": 4240157,
            "rate": 32601.569203665695
        },
        "vus_max": {
            "value": 30,
            "min": 30,
            "max": 30
        },
        "http_req_sending": {
            "med": 0,
            "max": 15.3675,
            "p(90)": 0,
            "p(95)": 0,
            "avg": 0.013435172675042633,
            "min": 0
        },
        "group_duration": {
            "med": 3.2533,
            "max": 129.3626,
            "p(90)": 5.9527,
            "p(95)": 7.6119,
            "avg": 3.760253651374961,
            "min": 0
        },
        "rl_allowed": {
            "count": 9649,
            "rate": 74.18888999774543
        },
        "iteration_duration": {
            "avg": 104.3752994601082,
            "min": 100.0393,
            "med": 103.7202,
            "max": 237.2084,
            "p(90)": 106.7992,
            "p(95)": 108.83154
        },
        "iterations": {
            "count": 31673,
            "rate": 243.52624239802998
        },
        "rl_decision_latency_ms": {
            "avg": 3.703627695513529,
            "min": 0,
            "med": 3,
            "max": 129,
            "p(90)": 6,
            "p(95)": 8
        },
        "http_req_tls_handshaking": {
            "max": 0,
            "p(90)": 0,
            "p(95)": 0,
            "avg": 0,
            "min": 0,
            "med": 0
        },
        "vus": {
            "value": 0,
            "min": 0,
            "max": 30
        },
        "data_sent": {
            "count": 4000877,
            "rate": 30761.801600944116
        },
        "http_req_blocked": {
            "avg": 0.012529866153166237,
            "min": 0,
            "med": 0,
            "max": 41.0684,
            "p(90)": 0,
            "p(95)": 0
        },
        "http_reqs": {
            "rate": 243.56468622122293,
            "count": 31678
        },
        "http_req_duration": {
            "avg": 3.1605627059788968,
            "min": 0,
            "med": 3.11625,
            "max": 128.4997,
            "p(90)": 5.579209999999999,
            "p(95)": 7.1493999999999955,
            "thresholds": {
                "p(95)<200": false
            }
        },
        "http_req_connecting": {
            "avg": 0.00878499589620557,
            "min": 0,
            "med": 0,
            "max": 41.0684,
            "p(90)": 0,
            "p(95)": 0
        },
        "http_req_failed": {
            "passes": 22025,
            "fails": 9653,
            "value": 0.6952774796388661
        },
        "rl_connection_errors": {
            "rate": 169.33735240028454,
            "count": 22024
        },
        "checks": {
            "passes": 19298,
            "fails": 0,
            "value": 1
        },
        "http_req_duration{expected_response:true}": {
            "p(90)": 6.633460000000002,
            "p(95)": 8.4996,
            "avg": 4.6127157153216825,
            "min": 0.4983,
            "med": 3.7444,
            "max": 128.4997
        },
        "http_req_receiving": {
            "max": 7.0842,
            "p(90)": 0.19138999999999906,
            "p(95)": 0.5176,
            "avg": 0.06471085295788864,
            "min": 0,
            "med": 0
        }
    },
    "root_group": {
        "checks": {},
        "name": "",
        "path": "",
        "id": "d41d8cd98f00b204e9800998ecf8427e",
        "groups": {
                "rate_limit_decision": {
                    "path": "::rate_limit_decision",
                    "id": "40cf699d3c9af92936854785a022a877",
                    "groups": {},
                    "checks": {
                            "status is 200 or 429": {
                                "name": "status is 200 or 429",
                                "path": "::rate_limit_decision::status is 200 or 429",
                                "id": "c13f82891f8414ee6222fc4005fedd23",
                                "passes": 9649,
                                "fails": 0
                            },
                            "not a 5xx": {
                                "path": "::rate_limit_decision::not a 5xx",
                                "id": "25db37cfd7b56a011609c2854ab76286",
                                "passes": 9649,
                                "fails": 0,
                                "name": "not a 5xx"
                            }
                        },
                    "name": "rate_limit_decision"
                }
            }
    }
}